run_id,concurrency,cpu_util_pct,dataset_gb_executed,elapsed_s,endpoint_internal,lat_avg_ms,lat_p99_ms,mib,op,paradigm,provider,rep,timelimit,tput_mib_s,workload,write_p99_ms,write_tput_mib_s
aws-block-balanced-c01-r1,1,24.5,20,465.9,,1.421,1.722,20480.0,WRITE,block,aws,1,False,43.96,balanced,,
aws-block-balanced-c01-r1,1,24.5,20,255.8,,0.779,1.024,20480.0,READ,block,aws,1,False,80.06,balanced,1.722,43.96
aws-block-balanced-c01-r2,1,24.5,20,466.0,,1.421,1.722,20480.0,WRITE,block,aws,2,False,43.95,balanced,,
aws-block-balanced-c01-r2,1,24.5,20,256.0,,0.78,1.024,20480.0,READ,block,aws,2,False,80.0,balanced,1.722,43.95
aws-block-balanced-c01-r3,1,24.5,20,465.8,,1.42,1.722,20480.0,WRITE,block,aws,3,False,43.97,balanced,,
aws-block-balanced-c01-r3,1,24.5,20,255.7,,0.779,1.024,20480.0,READ,block,aws,3,False,80.09,balanced,1.722,43.97
aws-block-balanced-c04-r1,4,39.8,20,406.9,,4.922,9.742,20480.0,WRITE,block,aws,1,False,50.33,balanced,,
aws-block-balanced-c04-r1,4,39.8,20,162.6,,1.983,3.444,20480.0,READ,block,aws,1,False,125.97,balanced,9.742,50.33
aws-block-balanced-c04-r2,4,39.5,20,407.5,,4.899,11.585,20480.0,WRITE,block,aws,2,False,50.26,balanced,,
aws-block-balanced-c04-r2,4,39.5,20,162.6,,1.983,2.435,20480.0,READ,block,aws,2,False,125.97,balanced,11.585,50.26
aws-block-balanced-c04-r3,4,37.8,20,407.8,,4.921,9.742,20480.0,WRITE,block,aws,3,False,50.22,balanced,,
aws-block-balanced-c04-r3,4,37.8,20,162.6,,1.983,2.435,20480.0,READ,block,aws,3,False,125.97,balanced,9.742,50.22
aws-block-balanced-c16-r1,16,49.4,20,407.8,,19.625,38.968,20480.0,WRITE,block,aws,1,False,50.23,balanced,,
aws-block-balanced-c16-r1,16,49.4,20,162.6,,7.884,11.585,20480.0,READ,block,aws,1,False,125.94,balanced,38.968,50.23
aws-block-balanced-c16-r2,16,49.2,20,407.7,,19.694,38.968,20480.0,WRITE,block,aws,2,False,50.24,balanced,,
aws-block-balanced-c16-r2,16,49.2,20,162.6,,7.822,13.777,20480.0,READ,block,aws,2,False,125.97,balanced,38.968,50.24
aws-block-balanced-c16-r3,16,49.5,20,407.1,,19.664,38.968,20480.0,WRITE,block,aws,3,False,50.31,balanced,,
aws-block-balanced-c16-r3,16,49.5,20,162.6,,7.891,11.585,20480.0,READ,block,aws,3,False,125.97,balanced,38.968,50.31
aws-block-balanced-c64-r1,64,49.9,20,406.1,,79.077,131.072,20480.0,WRITE,block,aws,1,False,50.43,balanced,,
aws-block-balanced-c64-r1,64,49.9,20,162.6,,31.569,65.536,20480.0,READ,block,aws,1,False,125.97,balanced,131.072,50.43
aws-block-balanced-c64-r2,64,49.8,20,406.7,,79.284,131.072,20480.0,WRITE,block,aws,2,False,50.35,balanced,,
aws-block-balanced-c64-r2,64,49.8,20,162.6,,31.61,77.936,20480.0,READ,block,aws,2,False,125.97,balanced,131.072,50.35
aws-block-balanced-c64-r3,64,49.8,20,407.1,,79.372,131.072,20480.0,WRITE,block,aws,3,False,50.3,balanced,,
aws-block-balanced-c64-r3,64,49.8,20,162.6,,31.634,65.536,20480.0,READ,block,aws,3,False,125.97,balanced,131.072,50.3
aws-block-largeobj-c01-r1,1,24.3,40,327.1,,127.785,131.072,40960.0,READ,block,aws,1,False,125.21,largeobj,,
aws-block-largeobj-c01-r2,1,24.3,40,327.1,,127.785,131.072,40960.0,READ,block,aws,2,False,125.21,largeobj,,
aws-block-largeobj-c01-r3,1,24.2,40,327.1,,127.785,131.072,40960.0,READ,block,aws,3,False,125.21,largeobj,,
aws-block-largeobj-c04-r1,4,95.2,40,327.1,,502.666,741.455,40960.0,READ,block,aws,1,False,125.21,largeobj,,
aws-block-largeobj-c04-r2,4,90.4,40,327.1,,496.259,741.455,40960.0,READ,block,aws,2,False,125.21,largeobj,,
aws-block-largeobj-c04-r3,4,91.4,40,327.1,,507.393,741.455,40960.0,READ,block,aws,3,False,125.21,largeobj,,
aws-block-largeobj-c16-r1,16,97.0,40,328.6,,2032.486,3526.975,40960.0,READ,block,aws,1,False,124.64,largeobj,,
aws-block-largeobj-c16-r2,16,96.9,40,328.6,,2028.342,3526.975,40960.0,READ,block,aws,2,False,124.64,largeobj,,
aws-block-largeobj-c16-r3,16,96.9,40,327.1,,2020.962,3526.975,40960.0,READ,block,aws,3,False,125.23,largeobj,,
aws-block-largeobj-c64-r1,64,97.0,40,327.0,,8056.296,11863.283,40960.0,READ,block,aws,1,False,125.28,largeobj,,
aws-block-largeobj-c64-r2,64,97.0,40,326.9,,8036.078,14107.901,40960.0,READ,block,aws,2,False,125.28,largeobj,,
aws-block-largeobj-c64-r3,64,97.0,40,327.0,,8021.313,14107.901,40960.0,READ,block,aws,3,False,125.28,largeobj,,
aws-file-balanced-c01-r1,1,19.5,1,23.3,,1.418,1.722,1024.0,WRITE,file,aws,1,False,44.03,balanced,,
aws-file-balanced-c01-r1,1,19.5,1,12.8,,0.781,1.448,1024.0,READ,file,aws,1,False,79.94,balanced,1.722,44.03
aws-file-balanced-c01-r2,1,19.5,1,23.2,,1.417,1.722,1024.0,WRITE,file,aws,2,False,44.07,balanced,,
aws-file-balanced-c01-r2,1,19.5,1,12.8,,0.778,1.448,1024.0,READ,file,aws,2,False,80.17,balanced,1.722,44.07
aws-file-balanced-c01-r3,1,24.5,20,464.0,,1.415,1.722,20480.0,WRITE,file,aws,3,False,44.14,balanced,,
aws-file-balanced-c01-r3,1,24.5,20,255.6,,0.779,1.448,20480.0,READ,file,aws,3,False,80.13,balanced,1.722,44.14
aws-file-balanced-c04-r1,4,53.0,20,163.6,,1.996,2.435,20480.0,WRITE,file,aws,1,False,125.2,balanced,,
aws-file-balanced-c04-r1,4,53.0,20,163.6,,1.995,2.896,20480.0,READ,file,aws,1,False,125.2,balanced,2.435,125.2
aws-file-balanced-c04-r2,4,55.5,20,163.6,,1.996,2.435,20480.0,WRITE,file,aws,2,False,125.19,balanced,,
aws-file-balanced-c04-r2,4,55.5,20,163.6,,1.996,2.896,20480.0,READ,file,aws,2,False,125.2,balanced,2.435,125.19
aws-file-balanced-c04-r3,4,56.0,20,163.6,,1.995,2.435,20480.0,WRITE,file,aws,3,False,125.2,balanced,,
aws-file-balanced-c04-r3,4,56.0,20,163.6,,1.996,2.896,20480.0,READ,file,aws,3,False,125.19,balanced,2.435,125.2
aws-file-balanced-c16-r1,16,86.8,20,164.0,,7.921,11.585,20480.0,WRITE,file,aws,1,False,124.85,balanced,,
aws-file-balanced-c16-r1,16,86.8,20,163.1,,7.9,11.585,20480.0,READ,file,aws,1,False,125.54,balanced,11.585,124.85
aws-file-balanced-c16-r2,16,89.7,20,164.0,,7.921,11.585,20480.0,WRITE,file,aws,2,False,124.87,balanced,,
aws-file-balanced-c16-r2,16,89.7,20,163.2,,7.906,13.777,20480.0,READ,file,aws,2,False,125.52,balanced,11.585,124.87
aws-file-balanced-c16-r3,16,6.3,20,169.2,,8.215,16.384,20480.0,WRITE,file,aws,3,False,121.07,balanced,,
aws-file-balanced-c16-r3,16,6.3,20,66.8,,3.238,5.793,20480.0,READ,file,aws,3,False,306.48,balanced,16.384,121.07
aws-file-balanced-c64-r1,64,97.1,20,163.6,,31.896,77.936,20480.0,WRITE,file,aws,1,False,125.2,balanced,,
aws-file-balanced-c64-r1,64,97.1,20,163.6,,31.85,65.536,20480.0,READ,file,aws,1,False,125.2,balanced,77.936,125.2
aws-file-balanced-c64-r2,64,97.1,20,163.6,,31.886,65.536,20480.0,WRITE,file,aws,2,False,125.21,balanced,,
aws-file-balanced-c64-r2,64,97.1,20,163.6,,31.841,77.936,20480.0,READ,file,aws,2,False,125.19,balanced,65.536,125.21
aws-file-balanced-c64-r3,64,97.1,20,163.6,,31.884,65.536,20480.0,WRITE,file,aws,3,False,125.21,balanced,,
aws-file-balanced-c64-r3,64,97.1,20,163.6,,31.82,77.936,20480.0,READ,file,aws,3,False,125.2,balanced,65.536,125.21
aws-file-largeobj-c01-r1,1,24.6,40,327.2,,127.796,131.072,40960.0,READ,file,aws,1,False,125.2,largeobj,,
aws-file-largeobj-c01-r2,1,3.9,40,81.9,,31.983,32.768,40960.0,READ,file,aws,2,False,500.23,largeobj,,
aws-file-largeobj-c01-r3,1,24.6,40,327.2,,127.796,131.072,40960.0,READ,file,aws,3,False,125.2,largeobj,,
aws-file-largeobj-c04-r1,4,91.8,40,327.2,,494.032,741.455,40960.0,READ,file,aws,1,False,125.2,largeobj,,
aws-file-largeobj-c04-r2,4,1.6,40,81.9,,127.878,131.072,40960.0,READ,file,aws,2,False,500.17,largeobj,,
aws-file-largeobj-c04-r3,4,90.2,40,327.2,,504.566,741.455,40960.0,READ,file,aws,3,False,125.2,largeobj,,
aws-file-largeobj-c16-r1,16,96.9,40,327.1,,2023.06,3526.975,40960.0,READ,file,aws,1,False,125.21,largeobj,,
aws-file-largeobj-c16-r2,16,1.1,40,81.9,,510.169,524.288,40960.0,READ,file,aws,2,False,500.31,largeobj,,
aws-file-largeobj-c16-r3,16,1.1,40,81.9,,510.222,524.288,40960.0,READ,file,aws,3,False,500.25,largeobj,,
aws-file-largeobj-c64-r1,64,1.3,40,81.7,,2016.562,2097.152,40960.0,READ,file,aws,1,False,501.36,largeobj,,
aws-file-largeobj-c64-r2,64,97.0,40,327.0,,8025.354,11863.283,40960.0,READ,file,aws,2,False,125.27,largeobj,,
aws-file-largeobj-c64-r3,64,97.0,40,327.0,,8063.749,11863.283,40960.0,READ,file,aws,3,False,125.27,largeobj,,
aws-object-balanced-c01-r1,1,0.6,1.0,427.6,False,26.094,46.341,1024.0,WRITE,object,aws,1,False,2.39,balanced,,
aws-object-balanced-c01-r1,1,0.6,1.0,402.4,False,24.557,38.968,1024.0,READ,object,aws,1,False,2.54,balanced,46.341,2.39
aws-object-balanced-c01-r2,1,0.6,1.0,412.4,False,25.164,46.341,1024.0,WRITE,object,aws,2,False,2.48,balanced,,
aws-object-balanced-c01-r2,1,0.6,1.0,398.5,False,24.319,38.968,1024.0,READ,object,aws,2,False,2.57,balanced,46.341,2.48
aws-object-balanced-c01-r3,1,0.6,1.0,427.7,False,26.099,46.341,1024.0,WRITE,object,aws,3,False,2.39,balanced,,
aws-object-balanced-c01-r3,1,0.6,1.0,394.5,False,24.071,32.768,1024.0,READ,object,aws,3,False,2.6,balanced,46.341,2.39
aws-object-balanced-c04-r1,4,2.0,5.0,498.4,False,24.212,38.968,5120.0,WRITE,object,aws,1,False,10.27,balanced,,
aws-object-balanced-c04-r1,4,2.0,5.0,713.5,False,34.552,65.536,5120.0,READ,object,aws,1,False,7.18,balanced,38.968,10.27
aws-object-balanced-c04-r2,4,2.4,5.0,515.1,False,24.883,46.341,5120.0,WRITE,object,aws,2,False,9.94,balanced,,
aws-object-balanced-c04-r2,4,2.4,5.0,499.3,False,24.277,38.968,5120.0,READ,object,aws,2,False,10.25,balanced,46.341,9.94
aws-object-balanced-c04-r3,4,2.3,5.0,504.2,False,24.422,38.968,5120.0,WRITE,object,aws,3,False,10.15,balanced,,
aws-object-balanced-c04-r3,4,2.3,5.0,654.1,False,31.045,65.536,5120.0,READ,object,aws,3,False,7.83,balanced,38.968,10.15
aws-object-balanced-c16-r1,16,9.0,20.0,517.1,False,24.685,38.968,20480.0,WRITE,object,aws,1,False,39.6,balanced,,
aws-object-balanced-c16-r1,16,9.0,20.0,629.7,False,30.07,55.109,20480.0,READ,object,aws,1,False,32.52,balanced,38.968,39.6
aws-object-balanced-c16-r2,16,10.1,20.0,527.5,False,25.518,46.341,20480.0,WRITE,object,aws,2,False,38.82,balanced,,
aws-object-balanced-c16-r2,16,10.1,20.0,526.3,False,25.467,46.341,20480.0,READ,object,aws,2,False,38.92,balanced,46.341,38.82
aws-object-balanced-c16-r3,16,10.0,20.0,522.7,False,25.188,46.341,20480.0,WRITE,object,aws,3,False,39.18,balanced,,
aws-object-balanced-c16-r3,16,10.0,20.0,547.6,False,26.004,55.109,20480.0,READ,object,aws,3,False,37.4,balanced,46.341,39.18
aws-object-balanced-c64-r1,64,47.6,20.0,139.9,False,26.795,46.341,20480.0,WRITE,object,aws,1,False,146.43,balanced,,
aws-object-balanced-c64-r1,64,47.6,20.0,127.1,False,24.55,32.768,20480.0,READ,object,aws,1,False,161.14,balanced,46.341,146.43
aws-object-balanced-c64-r2,64,48.0,20.0,140.5,False,26.622,46.341,20480.0,WRITE,object,aws,2,False,145.75,balanced,,
aws-object-balanced-c64-r2,64,48.0,20.0,126.0,False,24.347,32.768,20480.0,READ,object,aws,2,False,162.6,balanced,46.341,145.75
aws-object-balanced-c64-r3,64,50.2,20.0,137.8,False,26.37,46.341,20480.0,WRITE,object,aws,3,False,148.6,balanced,,
aws-object-balanced-c64-r3,64,50.2,20.0,124.9,False,24.256,32.768,20480.0,READ,object,aws,3,False,164.02,balanced,46.341,148.6
aws-object-largeobj-c01-r1,1,5.0,40.0,436.8,False,170.636,185.364,40960.0,READ,object,aws,1,False,93.76,largeobj,,
aws-object-largeobj-c01-r2,1,4.3,2.0,21.8,False,170.367,185.364,2048.0,READ,object,aws,2,False,93.91,largeobj,,
aws-object-largeobj-c01-r3,1,4.8,40.0,437.6,False,170.926,185.364,40960.0,READ,object,aws,3,False,93.61,largeobj,,
aws-object-largeobj-c04-r1,4,28.5,40.0,109.5,False,171.1,185.364,40960.0,READ,object,aws,1,False,373.94,largeobj,,
aws-object-largeobj-c04-r2,4,28.9,40.0,109.3,False,170.708,185.364,40960.0,READ,object,aws,2,False,374.61,largeobj,,
aws-object-largeobj-c04-r3,4,29.9,40.0,109.3,False,170.815,185.364,40960.0,READ,object,aws,3,False,374.59,largeobj,,
aws-object-largeobj-c16-r1,16,80.8,40.0,43.6,False,265.179,370.728,40960.0,READ,object,aws,1,False,940.48,largeobj,,
aws-object-largeobj-c16-r2,16,80.9,40.0,45.3,False,275.547,370.728,40960.0,READ,object,aws,2,False,903.62,largeobj,,
aws-object-largeobj-c16-r3,16,79.6,40.0,50.4,False,291.817,440.872,40960.0,READ,object,aws,3,False,813.21,largeobj,,
aws-object-largeobj-c64-r1,64,80.6,40.0,41.6,False,977.156,1482.91,40960.0,READ,object,aws,1,False,985.33,largeobj,,
aws-object-largeobj-c64-r2,64,80.7,40.0,42.5,False,986.409,1763.488,40960.0,READ,object,aws,2,False,963.27,largeobj,,
aws-object-largeobj-c64-r3,64,81.0,40.0,41.7,False,978.684,1763.488,40960.0,READ,object,aws,3,False,982.65,largeobj,,
azure-block-balanced-c01-r1,1,22.2,1,36.0,,2.197,5.793,1024.0,WRITE,block,azure,1,True,28.42,balanced,,
azure-block-balanced-c01-r1,1,22.2,1,41.1,,2.506,4.871,1024.0,READ,block,azure,1,True,24.91,balanced,5.793,28.42
azure-block-balanced-c01-r2,1,22.2,1,34.8,,2.12,5.793,1024.0,WRITE,block,azure,2,True,29.45,balanced,,
azure-block-balanced-c01-r2,1,22.2,1,41.0,,2.501,5.793,1024.0,READ,block,azure,2,True,24.96,balanced,5.793,29.45
azure-block-balanced-c01-r3,1,22.3,1,34.7,,2.116,4.871,1024.0,WRITE,block,azure,3,True,29.51,balanced,,
azure-block-balanced-c01-r3,1,22.3,1,40.3,,2.457,5.793,1024.0,READ,block,azure,3,True,25.42,balanced,4.871,29.51
azure-block-balanced-c04-r1,4,76.5,5,153.6,,7.386,55.109,5120.0,WRITE,block,azure,1,True,33.33,balanced,,
azure-block-balanced-c04-r1,4,76.5,5,135.4,,6.588,46.341,5120.0,READ,block,azure,1,True,37.83,balanced,55.109,33.33
azure-block-balanced-c04-r2,4,74.0,5,154.9,,7.514,46.341,5120.0,WRITE,block,azure,2,True,33.04,balanced,,
azure-block-balanced-c04-r2,4,74.0,5,133.9,,6.523,55.109,5120.0,READ,block,azure,2,True,38.23,balanced,46.341,33.04
azure-block-balanced-c04-r3,4,55.0,20,608.0,,7.361,38.968,20480.0,WRITE,block,azure,3,False,33.68,balanced,,
azure-block-balanced-c04-r3,4,55.0,20,535.8,,6.525,46.341,20480.0,READ,block,azure,3,False,38.22,balanced,38.968,33.68
azure-block-balanced-c16-r1,16,55.1,20,612.1,,29.331,65.536,20480.0,WRITE,block,azure,1,False,33.46,balanced,,
azure-block-balanced-c16-r1,16,55.1,20,535.5,,26.11,65.536,20480.0,READ,block,azure,1,False,38.25,balanced,65.536,33.46
azure-block-balanced-c16-r2,16,51.1,20,657.2,,31.301,77.936,20480.0,WRITE,block,azure,2,False,31.16,balanced,,
azure-block-balanced-c16-r2,16,51.1,20,535.4,,26.108,65.536,20480.0,READ,block,azure,2,False,38.25,balanced,77.936,31.16
azure-block-balanced-c16-r3,16,32.6,20,600.1,,34.203,77.936,17344.0,WRITE,block,azure,3,True,28.9,balanced,,
azure-block-balanced-c64-r1,64,33.3,80,600.2,,137.058,311.744,17513.0,WRITE,block,azure,1,True,29.18,balanced,,
azure-block-balanced-c64-r2,64,32.4,80,600.2,,145.302,311.744,16519.0,WRITE,block,azure,2,True,27.52,balanced,,
azure-block-balanced-c64-r3,64,32.8,80,600.2,,141.96,311.744,16908.0,WRITE,block,azure,3,True,28.17,balanced,,
azure-block-largeobj-c01-r1,1,24.3,40,280.6,,109.613,185.364,40960.0,READ,block,azure,1,False,145.96,largeobj,,
azure-block-largeobj-c01-r2,1,24.3,40,280.6,,109.617,185.364,40960.0,READ,block,azure,2,False,145.96,largeobj,,
azure-block-largeobj-c01-r3,1,24.3,40,292.7,,114.341,220.436,40960.0,READ,block,azure,3,False,139.93,largeobj,,
azure-block-largeobj-c04-r1,4,95.3,40,289.8,,452.522,741.455,40960.0,READ,block,azure,1,False,141.35,largeobj,,
azure-block-largeobj-c04-r2,4,73.1,40,280.7,,438.345,524.288,40960.0,READ,block,azure,2,False,145.91,largeobj,,
azure-block-largeobj-c04-r3,4,55.1,40,280.7,,438.344,524.288,40960.0,READ,block,azure,3,False,145.91,largeobj,,
azure-block-largeobj-c16-r1,16,96.7,40,280.6,,1748.308,2097.152,40960.0,READ,block,azure,1,False,145.98,largeobj,,
azure-block-largeobj-c16-r2,16,96.7,40,281.7,,1755.291,2097.152,40960.0,READ,block,azure,2,False,145.41,largeobj,,
azure-block-largeobj-c16-r3,16,96.8,40,291.7,,1817.841,2965.821,40960.0,READ,block,azure,3,False,140.43,largeobj,,
azure-block-largeobj-c64-r1,64,96.7,40,317.7,,5977.631,47453.133,40960.0,READ,block,azure,1,False,128.92,largeobj,,
azure-block-largeobj-c64-r2,64,96.7,40,280.6,,5216.505,33554.432,40960.0,READ,block,azure,2,False,145.96,largeobj,,
azure-block-largeobj-c64-r3,64,95.1,40,280.6,,5351.636,47453.133,40960.0,READ,block,azure,3,False,145.96,largeobj,,
azure-file-balanced-c01-r1,1,1.3,1,84.5,,5.155,13.777,1024.0,WRITE,file,azure,1,True,12.12,balanced,,
azure-file-balanced-c01-r1,1,1.3,1,68.5,,4.178,11.585,1024.0,READ,file,azure,1,True,14.95,balanced,13.777,12.12
azure-file-balanced-c01-r2,1,1.4,1,81.9,,4.997,13.777,1024.0,WRITE,file,azure,2,True,12.5,balanced,,
azure-file-balanced-c01-r2,1,1.4,1,64.9,,3.959,11.585,1024.0,READ,file,azure,2,True,15.78,balanced,13.777,12.5
azure-file-balanced-c01-r3,1,1.6,1,59.4,,3.625,6.889,1024.0,WRITE,file,azure,3,True,17.23,balanced,,
azure-file-balanced-c01-r3,1,1.6,1,51.1,,3.118,5.793,1024.0,READ,file,azure,3,True,20.03,balanced,6.889,17.23
azure-file-balanced-c04-r1,4,4.0,20,405.3,,4.864,11.585,20480.0,WRITE,file,azure,1,False,50.53,balanced,,
azure-file-balanced-c04-r1,4,4.0,20,604.3,,7.365,19.484,20480.0,READ,file,azure,1,False,33.89,balanced,11.585,50.53
azure-file-balanced-c04-r2,4,4.2,20,372.5,,4.464,9.742,20480.0,WRITE,file,azure,2,False,54.98,balanced,,
azure-file-balanced-c04-r2,4,4.2,20,544.1,,6.6,13.777,20480.0,READ,file,azure,2,False,37.64,balanced,9.742,54.98
azure-file-balanced-c04-r3,4,4.0,20,393.0,,4.72,11.585,20480.0,WRITE,file,azure,3,False,52.11,balanced,,
azure-file-balanced-c04-r3,4,4.0,20,600.3,,7.279,19.484,20480.0,READ,file,azure,3,False,34.12,balanced,11.585,52.11
azure-file-balanced-c16-r1,16,14.7,20,94.8,,4.626,6.889,20480.0,WRITE,file,azure,1,False,215.94,balanced,,
azure-file-balanced-c16-r1,16,14.7,20,103.6,,5.051,8.192,20480.0,READ,file,azure,1,False,197.62,balanced,6.889,215.94
azure-file-balanced-c16-r2,16,14.2,20,94.5,,4.609,8.192,20480.0,WRITE,file,azure,2,False,216.66,balanced,,
azure-file-balanced-c16-r2,16,14.2,20,103.0,,5.017,8.192,20480.0,READ,file,azure,2,False,198.92,balanced,8.192,216.66
azure-file-balanced-c16-r3,16,14.5,20,96.7,,4.703,13.777,20480.0,WRITE,file,azure,3,False,211.86,balanced,,
azure-file-balanced-c16-r3,16,14.5,20,113.0,,5.494,13.777,20480.0,READ,file,azure,3,False,181.29,balanced,13.777,211.86
azure-file-balanced-c64-r1,64,16.3,20,94.5,,18.444,27.554,20480.0,WRITE,file,azure,1,False,216.76,balanced,,
azure-file-balanced-c64-r1,64,16.3,20,85.7,,16.716,23.17,20480.0,READ,file,azure,1,False,239.05,balanced,27.554,216.76
azure-file-balanced-c64-r2,64,15.0,20,111.5,,21.724,110.218,20480.0,WRITE,file,azure,2,False,183.71,balanced,,
azure-file-balanced-c64-r2,64,15.0,20,86.8,,16.903,38.968,20480.0,READ,file,azure,2,False,235.97,balanced,110.218,183.71
azure-file-balanced-c64-r3,64,15.9,20,94.9,,18.531,23.17,20480.0,WRITE,file,azure,3,False,215.72,balanced,,
azure-file-balanced-c64-r3,64,15.9,20,85.3,,16.631,27.554,20480.0,READ,file,azure,3,False,240.22,balanced,23.17,215.72
azure-file-largeobj-c01-r1,1,6.7,40,264.5,,103.323,185.364,40960.0,READ,file,azure,1,False,154.85,largeobj,,
azure-file-largeobj-c01-r2,1,6.2,40,270.9,,105.819,220.436,40960.0,READ,file,azure,2,False,151.2,largeobj,,
azure-file-largeobj-c01-r3,1,7.0,40,268.0,,104.667,185.364,40960.0,READ,file,azure,3,False,152.86,largeobj,,
azure-file-largeobj-c04-r1,4,8.4,40,173.0,,266.914,440.872,40960.0,READ,file,azure,1,False,236.79,largeobj,,
azure-file-largeobj-c04-r2,4,8.5,40,170.5,,263.283,440.872,40960.0,READ,file,azure,2,False,240.22,largeobj,,
azure-file-largeobj-c04-r3,4,8.4,40,175.8,,272.007,440.872,40960.0,READ,file,azure,3,False,233.05,largeobj,,
azure-file-largeobj-c16-r1,16,8.7,40,174.3,,1054.443,1763.488,40960.0,READ,file,azure,1,False,235.06,largeobj,,
azure-file-largeobj-c16-r2,16,8.4,40,183.8,,1100.762,2097.152,40960.0,READ,file,azure,2,False,222.8,largeobj,,
azure-file-largeobj-c16-r3,16,9.1,40,180.8,,1117.427,1763.488,40960.0,READ,file,azure,3,False,226.56,largeobj,,
azure-file-largeobj-c64-r1,64,30.5,40,300.8,,7436.93,11863.283,40960.0,READ,file,azure,1,False,136.18,largeobj,,
azure-file-largeobj-c64-r2,64,43.4,40,187.2,,4496.149,7053.95,40960.0,READ,file,azure,2,False,218.77,largeobj,,
azure-file-largeobj-c64-r3,64,21.0,40,447.1,,11039.635,19951.585,40960.0,READ,file,azure,3,False,91.61,largeobj,,
azure-object-balanced-c01-r1,1,10.7,,600.0,,9.204,17.22,4068.4,WRITE,object,azure,1,False,6.78,balanced,,
azure-object-balanced-c01-r1,1,10.7,,600.0,,7.339,14.237,5104.1,READ,object,azure,1,False,8.51,balanced,17.22,6.78
azure-object-balanced-c01-r2,1,13.0,,600.0,,7.561,11.321,4955.3,WRITE,object,azure,2,False,8.26,balanced,,
azure-object-balanced-c01-r2,1,13.0,,600.0,,6.276,8.526,5968.1,READ,object,azure,2,False,9.95,balanced,11.321,8.26
azure-object-balanced-c01-r3,1,10.1,,600.0,,9.56,18.589,3919.6,WRITE,object,azure,3,False,6.53,balanced,,
azure-object-balanced-c01-r3,1,10.1,,600.0,,8.294,14.459,4520.4,READ,object,azure,3,False,7.53,balanced,18.589,6.53
azure-object-balanced-c04-r1,4,61.2,,600.0,,8.662,13.142,17292.0,WRITE,object,azure,1,False,28.82,balanced,,
azure-object-balanced-c04-r1,4,61.2,,600.0,,6.819,9.155,21966.9,READ,object,azure,1,False,36.61,balanced,13.142,28.82
azure-object-balanced-c04-r2,4,61.7,,600.0,,8.937,13.764,16759.9,WRITE,object,azure,2,False,27.93,balanced,,
azure-object-balanced-c04-r2,4,61.7,,600.0,,7.035,9.737,21291.7,READ,object,azure,2,False,35.49,balanced,13.764,27.93
azure-object-balanced-c04-r3,4,61.2,,600.0,,8.669,13.313,17274.9,WRITE,object,azure,3,False,28.79,balanced,,
azure-object-balanced-c04-r3,4,61.2,,600.0,,7.079,9.753,21165.8,READ,object,azure,3,False,35.28,balanced,13.313,28.79
azure-object-balanced-c16-r1,16,99.8,,600.0,,30.239,44.703,19729.6,WRITE,object,azure,1,False,32.88,balanced,,
azure-object-balanced-c16-r1,16,99.8,,600.0,,18.216,24.88,32838.8,READ,object,azure,1,False,54.73,balanced,44.703,32.88
azure-object-balanced-c16-r2,16,99.8,,600.0,,31.492,47.96,18945.7,WRITE,object,azure,2,False,31.58,balanced,,
azure-object-balanced-c16-r2,16,99.8,,600.0,,18.66,27.22,32049.2,READ,object,azure,2,False,53.42,balanced,47.96,31.58
azure-object-balanced-c16-r3,16,99.8,,600.0,,31.83,48.636,18739.7,WRITE,object,azure,3,False,31.23,balanced,,
azure-object-balanced-c16-r3,16,99.8,,600.0,,18.933,26.832,31585.7,READ,object,azure,3,False,52.64,balanced,48.636,31.23
azure-object-balanced-c64-r1,64,99.7,,600.0,,134.529,212.115,17360.7,WRITE,object,azure,1,False,28.93,balanced,,
azure-object-balanced-c64-r1,64,99.7,,600.0,,85.161,127.552,27820.6,READ,object,azure,1,False,46.37,balanced,212.115,28.93
azure-object-balanced-c64-r2,64,99.9,,600.0,,137.519,311.188,17263.4,WRITE,object,azure,2,False,28.77,balanced,,
azure-object-balanced-c64-r2,64,99.9,,600.0,,81.277,165.643,29417.0,READ,object,azure,2,False,49.03,balanced,311.188,28.77
azure-object-balanced-c64-r3,64,99.9,,600.0,,137.186,314.487,17297.7,WRITE,object,azure,3,False,28.83,balanced,,
azure-object-balanced-c64-r3,64,99.9,,600.0,,82.391,167.672,29016.5,READ,object,azure,3,False,48.36,balanced,314.487,28.83
azure-object-largeobj-c01-r1,1,7.5,,600.0,,148.854,206.078,64464.6,READ,object,azure,1,False,107.44,largeobj,,
azure-object-largeobj-c01-r2,1,7.5,,600.0,,149.477,212.467,64189.9,READ,object,azure,2,False,106.98,largeobj,,
azure-object-largeobj-c01-r3,1,7.4,,600.0,,155.996,219.978,61512.0,READ,object,azure,3,False,102.52,largeobj,,
azure-object-largeobj-c04-r1,4,28.3,,600.0,,201.631,303.491,190309.5,READ,object,azure,1,False,317.18,largeobj,,
azure-object-largeobj-c04-r2,4,25.6,,600.0,,204.515,288.114,187608.7,READ,object,azure,2,False,312.68,largeobj,,
azure-object-largeobj-c04-r3,4,35.7,,600.0,,166.252,237.234,230798.7,READ,object,azure,3,False,384.66,largeobj,,
azure-object-largeobj-c16-r1,16,69.6,,600.0,,424.527,681.744,350160.6,READ,object,azure,1,False,583.6,largeobj,,
azure-object-largeobj-c16-r2,16,69.6,,600.0,,439.414,649.052,337966.9,READ,object,azure,2,False,563.28,largeobj,,
azure-object-largeobj-c16-r3,16,69.5,,600.0,,346.749,667.805,441684.7,READ,object,azure,3,False,736.14,largeobj,,
azure-object-largeobj-c64-r1,64,71.2,,600.0,,1657.824,2556.314,283916.5,READ,object,azure,1,False,473.19,largeobj,,
azure-object-largeobj-c64-r2,64,70.9,,600.0,,1666.338,2496.22,278823.9,READ,object,azure,2,False,464.71,largeobj,,
azure-object-largeobj-c64-r3,64,71.1,,600.0,,1648.517,2521.252,285261.2,READ,object,azure,3,False,475.44,largeobj,,
gcp-block-balanced-c01-r1,1,24.0,20,251.8,,0.767,1.218,20480.0,WRITE,block,gcp,1,False,81.32,balanced,,
gcp-block-balanced-c01-r1,1,24.0,20,184.5,,0.561,1.024,20480.0,READ,block,gcp,1,False,111.03,balanced,1.218,81.32
gcp-block-balanced-c01-r2,1,23.9,20,246.2,,0.749,1.218,20480.0,WRITE,block,gcp,2,False,83.17,balanced,,
gcp-block-balanced-c01-r2,1,23.9,20,186.8,,0.568,1.024,20480.0,READ,block,gcp,2,False,109.65,balanced,1.218,83.17
gcp-block-balanced-c01-r3,1,24.0,20,260.5,,0.793,1.218,20480.0,WRITE,block,gcp,3,False,78.61,balanced,,
gcp-block-balanced-c01-r3,1,24.0,20,197.7,,0.601,1.024,20480.0,READ,block,gcp,3,False,103.59,balanced,1.218,78.61
gcp-block-balanced-c04-r1,4,55.8,20,190.8,,2.316,6.889,20480.0,WRITE,block,gcp,1,False,107.35,balanced,,
gcp-block-balanced-c04-r1,4,55.8,20,85.4,,1.037,1.722,20480.0,READ,block,gcp,1,False,239.75,balanced,6.889,107.35
gcp-block-balanced-c04-r2,4,56.0,20,191.5,,2.326,6.889,20480.0,WRITE,block,gcp,2,False,106.92,balanced,,
gcp-block-balanced-c04-r2,4,56.0,20,85.3,,1.038,1.722,20480.0,READ,block,gcp,2,False,240.07,balanced,6.889,106.92
gcp-block-balanced-c04-r3,4,56.0,20,187.7,,2.279,6.889,20480.0,WRITE,block,gcp,3,False,109.11,balanced,,
gcp-block-balanced-c04-r3,4,56.0,20,85.4,,1.038,1.722,20480.0,READ,block,gcp,3,False,239.91,balanced,6.889,109.11
gcp-block-balanced-c16-r1,16,55.1,20,192.9,,9.319,23.17,20480.0,WRITE,block,gcp,1,False,106.15,balanced,,
gcp-block-balanced-c16-r1,16,55.1,20,85.3,,4.16,4.871,20480.0,READ,block,gcp,1,False,240.21,balanced,23.17,106.15
gcp-block-balanced-c16-r2,16,54.9,20,197.7,,9.543,23.17,20480.0,WRITE,block,gcp,2,False,103.61,balanced,,
gcp-block-balanced-c16-r2,16,54.9,20,85.3,,4.159,4.871,20480.0,READ,block,gcp,2,False,240.23,balanced,23.17,103.61
gcp-block-balanced-c16-r3,16,58.1,20,173.7,,8.389,19.484,20480.0,WRITE,block,gcp,3,False,117.91,balanced,,
gcp-block-balanced-c16-r3,16,58.1,20,85.3,,4.159,4.871,20480.0,READ,block,gcp,3,False,240.21,balanced,19.484,117.91
gcp-block-balanced-c64-r1,64,54.7,20,198.9,,38.624,92.682,20480.0,WRITE,block,gcp,1,False,102.99,balanced,,
gcp-block-balanced-c64-r1,64,54.7,20,85.3,,16.644,19.484,20480.0,READ,block,gcp,1,False,240.23,balanced,92.682,102.99
gcp-block-balanced-c64-r2,64,55.5,20,199.8,,38.843,92.682,20480.0,WRITE,block,gcp,2,False,102.51,balanced,,
gcp-block-balanced-c64-r2,64,55.5,20,85.3,,16.644,19.484,20480.0,READ,block,gcp,2,False,240.23,balanced,92.682,102.51
gcp-block-balanced-c64-r3,64,55.4,20,192.5,,37.4,92.682,20480.0,WRITE,block,gcp,3,False,106.4,balanced,,
gcp-block-balanced-c64-r3,64,55.4,20,85.3,,16.645,19.484,20480.0,READ,block,gcp,3,False,240.22,balanced,92.682,106.4
gcp-block-largeobj-c01-r1,1,24.9,40,170.7,,66.677,77.936,40960.0,READ,block,gcp,1,False,239.95,largeobj,,
gcp-block-largeobj-c01-r2,1,24.0,40,170.6,,66.644,77.936,40960.0,READ,block,gcp,2,False,240.07,largeobj,,
gcp-block-largeobj-c01-r3,1,23.6,40,170.6,,66.654,77.936,40960.0,READ,block,gcp,3,False,240.03,largeobj,,
gcp-block-largeobj-c04-r1,4,81.2,40,170.7,,266.511,311.744,40960.0,READ,block,gcp,1,False,239.95,largeobj,,
gcp-block-largeobj-c04-r2,4,52.5,40,170.6,,266.452,311.744,40960.0,READ,block,gcp,2,False,240.02,largeobj,,
gcp-block-largeobj-c04-r3,4,47.4,40,170.7,,266.49,311.744,40960.0,READ,block,gcp,3,False,240.01,largeobj,,
gcp-block-largeobj-c16-r1,16,94.7,40,170.6,,1061.505,1246.974,40960.0,READ,block,gcp,1,False,240.07,largeobj,,
gcp-block-largeobj-c16-r2,16,94.3,40,170.6,,1061.495,1246.974,40960.0,READ,block,gcp,2,False,240.07,largeobj,,
gcp-block-largeobj-c16-r3,16,93.3,40,170.6,,1063.027,1246.974,40960.0,READ,block,gcp,3,False,240.05,largeobj,,
gcp-block-largeobj-c64-r1,64,94.8,40,170.6,,4226.597,4987.896,40960.0,READ,block,gcp,1,False,240.11,largeobj,,
gcp-block-largeobj-c64-r2,64,94.8,40,170.6,,4231.085,4987.896,40960.0,READ,block,gcp,2,False,240.11,largeobj,,
gcp-block-largeobj-c64-r3,64,94.8,40,170.6,,4226.557,5931.642,40960.0,READ,block,gcp,3,False,240.11,largeobj,,
gcp-file-balanced-c01-r1,1,4.8,20,770.0,,2.347,2.896,20480.0,WRITE,file,gcp,1,False,26.6,balanced,,
gcp-file-balanced-c01-r1,1,4.8,20,114.3,,0.347,0.609,20480.0,READ,file,gcp,1,False,179.11,balanced,2.896,26.6
gcp-file-balanced-c01-r2,1,5.0,20,694.3,,2.116,2.896,20480.0,WRITE,file,gcp,2,False,29.5,balanced,,
gcp-file-balanced-c01-r2,1,5.0,20,111.4,,0.338,0.609,20480.0,READ,file,gcp,2,False,183.83,balanced,2.896,29.5
gcp-file-balanced-c01-r3,1,4.7,20,703.7,,2.144,2.896,20480.0,WRITE,file,gcp,3,False,29.1,balanced,,
gcp-file-balanced-c01-r3,1,4.7,20,112.3,,0.341,0.609,20480.0,READ,file,gcp,3,False,182.33,balanced,2.896,29.1
gcp-file-balanced-c04-r1,4,12.6,20,198.0,,2.415,4.871,20480.0,WRITE,file,gcp,1,False,103.42,balanced,,
gcp-file-balanced-c04-r1,4,12.6,20,33.0,,0.4,0.861,20480.0,READ,file,gcp,1,False,621.25,balanced,4.871,103.42
gcp-file-balanced-c04-r2,4,11.6,20,194.9,,2.377,4.096,20480.0,WRITE,file,gcp,2,False,105.06,balanced,,
gcp-file-balanced-c04-r2,4,11.6,20,36.9,,0.448,2.896,20480.0,READ,file,gcp,2,False,555.77,balanced,4.096,105.06
gcp-file-balanced-c04-r3,4,12.7,20,184.3,,2.247,4.096,20480.0,WRITE,file,gcp,3,False,111.14,balanced,,
gcp-file-balanced-c04-r3,4,12.7,20,33.0,,0.401,0.724,20480.0,READ,file,gcp,3,False,620.44,balanced,4.096,111.14
gcp-file-balanced-c16-r1,16,8.7,20,255.0,,12.435,23.17,20480.0,WRITE,file,gcp,1,False,80.32,balanced,,
gcp-file-balanced-c16-r1,16,8.7,20,32.2,,1.569,16.384,20480.0,READ,file,gcp,1,False,635.81,balanced,23.17,80.32
gcp-file-balanced-c16-r2,16,8.9,20,258.2,,12.592,23.17,20480.0,WRITE,file,gcp,2,False,79.31,balanced,,
gcp-file-balanced-c16-r2,16,8.9,20,32.1,,1.562,16.384,20480.0,READ,file,gcp,2,False,638.98,balanced,23.17,79.31
gcp-file-balanced-c16-r3,16,9.7,20,247.6,,12.075,23.17,20480.0,WRITE,file,gcp,3,False,82.71,balanced,,
gcp-file-balanced-c16-r3,16,9.7,20,31.0,,1.509,16.384,20480.0,READ,file,gcp,3,False,661.16,balanced,23.17,82.71
gcp-file-balanced-c64-r1,64,9.7,20,212.7,,41.481,77.936,20480.0,WRITE,file,gcp,1,False,96.28,balanced,,
gcp-file-balanced-c64-r1,64,9.7,20,22.0,,4.297,19.484,20480.0,READ,file,gcp,1,False,929.01,balanced,77.936,96.28
gcp-file-balanced-c64-r2,64,9.6,20,212.3,,41.413,77.936,20480.0,WRITE,file,gcp,2,False,96.45,balanced,,
gcp-file-balanced-c64-r2,64,9.6,20,20.8,,4.043,19.484,20480.0,READ,file,gcp,2,False,986.66,balanced,77.936,96.45
gcp-file-balanced-c64-r3,64,10.0,20,212.7,,41.483,77.936,20480.0,WRITE,file,gcp,3,False,96.27,balanced,,
gcp-file-balanced-c64-r3,64,10.0,20,21.4,,4.16,19.484,20480.0,READ,file,gcp,3,False,958.35,balanced,77.936,96.27
gcp-file-largeobj-c01-r1,1,4.1,40,259.4,,101.307,185.364,40960.0,READ,file,gcp,1,False,157.93,largeobj,,
gcp-file-largeobj-c01-r2,1,2.6,40,258.3,,100.88,185.364,40960.0,READ,file,gcp,2,False,158.6,largeobj,,
gcp-file-largeobj-c01-r3,1,2.4,40,259.1,,101.203,185.364,40960.0,READ,file,gcp,3,False,158.09,largeobj,,
gcp-file-largeobj-c04-r1,4,2.6,40,295.5,,461.604,741.455,40960.0,READ,file,gcp,1,False,138.61,largeobj,,
gcp-file-largeobj-c04-r2,4,2.5,40,295.8,,461.492,741.455,40960.0,READ,file,gcp,2,False,138.46,largeobj,,
gcp-file-largeobj-c04-r3,4,2.5,40,294.6,,459.79,741.455,40960.0,READ,file,gcp,3,False,139.01,largeobj,,
gcp-file-largeobj-c16-r1,16,5.1,40,193.7,,1193.596,4987.896,40960.0,READ,file,gcp,1,False,211.47,largeobj,,
gcp-file-largeobj-c16-r2,16,3.1,40,245.1,,1520.616,4987.896,40960.0,READ,file,gcp,2,False,167.08,largeobj,,
gcp-file-largeobj-c16-r3,16,3.8,40,200.1,,1217.536,4987.896,40960.0,READ,file,gcp,3,False,204.65,largeobj,,
gcp-file-largeobj-c64-r1,64,2.5,40,283.0,,6834.541,19951.585,40960.0,READ,file,gcp,1,False,144.73,largeobj,,
gcp-file-largeobj-c64-r2,64,3.6,40,200.3,,4830.077,19951.585,40960.0,READ,file,gcp,2,False,204.51,largeobj,,
gcp-file-largeobj-c64-r3,64,4.2,40,182.9,,4461.596,19951.585,40960.0,READ,file,gcp,3,False,223.91,largeobj,,
gcp-object-balanced-c01-r1,1,0.7,1.0,623.2,False,38.025,65.536,1024.0,WRITE,object,gcp,1,False,1.64,balanced,,
gcp-object-balanced-c01-r1,1,0.7,1.0,627.0,False,38.258,77.936,1024.0,READ,object,gcp,1,False,1.63,balanced,65.536,1.64
gcp-object-balanced-c01-r2,1,0.8,1.0,600.2,False,36.627,77.936,1024.0,WRITE,object,gcp,2,False,1.71,balanced,,
gcp-object-balanced-c01-r2,1,0.8,1.0,583.2,False,35.584,65.536,1024.0,READ,object,gcp,2,False,1.76,balanced,77.936,1.71
gcp-object-balanced-c01-r3,1,0.8,1.0,598.2,False,36.499,55.109,1024.0,WRITE,object,gcp,3,False,1.71,balanced,,
gcp-object-balanced-c01-r3,1,0.8,1.0,609.2,False,37.173,65.536,1024.0,READ,object,gcp,3,False,1.68,balanced,55.109,1.71
gcp-object-balanced-c04-r1,4,3.3,5.0,702.9,False,34.192,46.341,5120.0,WRITE,object,gcp,1,False,7.28,balanced,,
gcp-object-balanced-c04-r1,4,3.3,5.0,731.7,False,35.569,65.536,5120.0,READ,object,gcp,1,False,7.0,balanced,46.341,7.28
gcp-object-balanced-c04-r2,4,2.9,5.0,727.7,False,34.739,46.341,5120.0,WRITE,object,gcp,2,False,7.04,balanced,,
gcp-object-balanced-c04-r2,4,2.9,5.0,745.2,False,35.576,65.536,5120.0,READ,object,gcp,2,False,6.87,balanced,46.341,7.04
gcp-object-balanced-c04-r3,4,3.3,5.0,728.4,False,34.899,55.109,5120.0,WRITE,object,gcp,3,False,7.03,balanced,,
gcp-object-balanced-c04-r3,4,3.3,5.0,606.6,False,28.887,65.536,5120.0,READ,object,gcp,3,False,8.44,balanced,55.109,7.03
gcp-object-balanced-c16-r1,16,12.1,20.0,823.5,False,39.015,55.109,20480.0,WRITE,object,gcp,1,False,24.87,balanced,,
gcp-object-balanced-c16-r1,16,12.1,20.0,670.4,False,31.842,65.536,20480.0,READ,object,gcp,1,False,30.55,balanced,55.109,24.87
gcp-object-balanced-c16-r2,16,11.4,20.0,793.2,False,37.773,55.109,20480.0,WRITE,object,gcp,2,False,25.82,balanced,,
gcp-object-balanced-c16-r2,16,11.4,20.0,682.2,False,32.38,65.536,20480.0,READ,object,gcp,2,False,30.02,balanced,55.109,25.82
gcp-object-balanced-c16-r3,16,10.7,20.0,799.5,False,38.073,55.109,20480.0,WRITE,object,gcp,3,False,25.62,balanced,,
gcp-object-balanced-c16-r3,16,10.7,20.0,693.4,False,32.914,65.536,20480.0,READ,object,gcp,3,False,29.54,balanced,55.109,25.62
gcp-object-balanced-c64-r1,64,41.1,80.0,936.6,False,44.281,155.872,81920.0,WRITE,object,gcp,1,False,87.47,balanced,,
gcp-object-balanced-c64-r1,64,41.1,80.0,658.6,False,30.85,65.536,81920.0,READ,object,gcp,1,False,124.39,balanced,155.872,87.47
gcp-object-balanced-c64-r2,64,40.2,80.0,917.0,False,43.641,155.872,81920.0,WRITE,object,gcp,2,False,89.33,balanced,,
gcp-object-balanced-c64-r2,64,40.2,80.0,667.7,False,31.425,65.536,81920.0,READ,object,gcp,2,False,122.69,balanced,155.872,89.33
gcp-object-balanced-c64-r3,64,46.8,80.0,929.2,False,43.962,155.872,81920.0,WRITE,object,gcp,3,False,88.16,balanced,,
gcp-object-balanced-c64-r3,64,46.8,80.0,662.3,False,30.955,65.536,81920.0,READ,object,gcp,3,False,123.69,balanced,155.872,88.16
gcp-object-largeobj-c01-r1,1,8.3,2.0,9.7,False,75.822,110.218,2048.0,READ,object,gcp,1,False,211.0,largeobj,,
gcp-object-largeobj-c01-r2,1,7.6,2.0,10.3,False,80.352,440.872,2048.0,READ,object,gcp,2,False,199.11,largeobj,,
gcp-object-largeobj-c01-r3,1,9.1,2.0,10.2,False,79.9,110.218,2048.0,READ,object,gcp,3,False,200.23,largeobj,,
gcp-object-largeobj-c04-r1,4,43.9,10.0,21.7,False,127.408,220.436,10240.0,READ,object,gcp,1,False,472.26,largeobj,,
gcp-object-largeobj-c04-r2,4,44.9,10.0,18.1,False,111.17,155.872,10240.0,READ,object,gcp,2,False,566.09,largeobj,,
gcp-object-largeobj-c04-r3,4,43.7,10.0,19.7,False,113.208,524.288,10240.0,READ,object,gcp,3,False,519.27,largeobj,,
gcp-object-largeobj-c16-r1,16,84.3,40.0,56.2,False,344.24,524.288,40960.0,READ,object,gcp,1,False,728.7,largeobj,,
gcp-object-largeobj-c16-r2,16,84.2,40.0,54.2,False,329.734,440.872,40960.0,READ,object,gcp,2,False,755.37,largeobj,,
gcp-object-largeobj-c16-r3,16,83.6,40.0,55.0,False,331.551,440.872,40960.0,READ,object,gcp,3,False,744.7,largeobj,,
gcp-object-largeobj-c64-r1,64,91.9,80.0,109.0,False,1348.616,1763.488,81920.0,READ,object,gcp,1,False,751.5,largeobj,,
gcp-object-largeobj-c64-r2,64,91.9,80.0,115.4,False,1418.338,1763.488,81920.0,READ,object,gcp,2,False,710.0,largeobj,,
gcp-object-largeobj-c64-r3,64,92.1,80.0,109.1,False,1338.943,1763.488,81920.0,READ,object,gcp,3,False,750.9,largeobj,,
huawei-block-balanced-c01-r1,1,24.6,20,266.2,,0.811,2.048,20480.0,WRITE,block,huawei,1,False,76.93,balanced,,
huawei-block-balanced-c01-r1,1,24.6,20,232.1,,0.707,1.722,20480.0,READ,block,huawei,1,False,88.23,balanced,2.048,76.93
huawei-block-balanced-c01-r2,1,24.5,20,210.1,,0.64,1.722,20480.0,WRITE,block,huawei,2,False,97.49,balanced,,
huawei-block-balanced-c01-r2,1,24.5,20,203.9,,0.621,1.722,20480.0,READ,block,huawei,2,False,100.44,balanced,1.722,97.49
huawei-block-balanced-c01-r3,1,24.6,20,267.5,,0.815,2.435,20480.0,WRITE,block,huawei,3,False,76.55,balanced,,
huawei-block-balanced-c01-r3,1,24.6,20,194.3,,0.592,2.048,20480.0,READ,block,huawei,3,False,105.4,balanced,2.435,76.55
huawei-block-balanced-c04-r1,4,45.3,20,221.2,,2.663,8.192,20480.0,WRITE,block,huawei,1,False,92.59,balanced,,
huawei-block-balanced-c04-r1,4,45.3,20,60.9,,0.74,2.896,20480.0,READ,block,huawei,1,False,336.49,balanced,8.192,92.59
huawei-block-balanced-c04-r2,4,46.0,20,206.1,,2.488,6.889,20480.0,WRITE,block,huawei,2,False,99.39,balanced,,
huawei-block-balanced-c04-r2,4,46.0,20,59.8,,0.728,1.722,20480.0,READ,block,huawei,2,False,342.56,balanced,6.889,99.39
huawei-block-balanced-c04-r3,4,41.9,20,270.1,,3.258,9.742,20480.0,WRITE,block,huawei,3,False,75.82,balanced,,
huawei-block-balanced-c04-r3,4,41.9,20,60.1,,0.731,2.048,20480.0,READ,block,huawei,3,False,340.86,balanced,9.742,75.82
huawei-block-balanced-c16-r1,16,44.2,20,221.8,,10.744,27.554,20480.0,WRITE,block,huawei,1,False,92.35,balanced,,
huawei-block-balanced-c16-r1,16,44.2,20,58.2,,2.84,3.444,20480.0,READ,block,huawei,1,False,351.62,balanced,27.554,92.35
huawei-block-balanced-c16-r2,16,41.2,20,264.4,,12.797,32.768,20480.0,WRITE,block,huawei,2,False,77.47,balanced,,
huawei-block-balanced-c16-r2,16,41.2,20,58.3,,2.837,2.896,20480.0,READ,block,huawei,2,False,351.56,balanced,32.768,77.47
huawei-block-balanced-c16-r3,16,44.2,20,223.3,,10.824,32.768,20480.0,WRITE,block,huawei,3,False,91.73,balanced,,
huawei-block-balanced-c16-r3,16,44.2,20,57.5,,2.805,2.435,20480.0,READ,block,huawei,3,False,355.95,balanced,32.768,91.73
huawei-block-balanced-c64-r1,64,40.6,20,271.5,,52.801,131.072,20480.0,WRITE,block,huawei,1,False,75.44,balanced,,
huawei-block-balanced-c64-r1,64,40.6,20,57.6,,11.148,881.744,20480.0,READ,block,huawei,1,False,355.39,balanced,131.072,75.44
huawei-block-balanced-c64-r2,64,43.7,20,226.7,,44.069,110.218,20480.0,WRITE,block,huawei,2,False,90.34,balanced,,
huawei-block-balanced-c64-r2,64,43.7,20,58.1,,11.25,881.744,20480.0,READ,block,huawei,2,False,352.71,balanced,110.218,90.34
huawei-block-balanced-c64-r3,64,43.6,20,228.8,,44.469,131.072,20480.0,WRITE,block,huawei,3,False,89.52,balanced,,
huawei-block-balanced-c64-r3,64,43.6,20,58.2,,11.235,881.744,20480.0,READ,block,huawei,3,False,352.02,balanced,131.072,89.52
huawei-block-largeobj-c01-r1,1,25.3,40,117.2,,45.773,881.744,40960.0,READ,block,huawei,1,False,349.54,largeobj,,
huawei-block-largeobj-c01-r2,1,24.0,40,118.0,,46.08,881.744,40960.0,READ,block,huawei,2,False,347.2,largeobj,,
huawei-block-largeobj-c01-r3,1,23.2,40,117.1,,45.749,881.744,40960.0,READ,block,huawei,3,False,349.72,largeobj,,
huawei-block-largeobj-c04-r1,4,83.4,40,117.2,,182.631,1048.576,40960.0,READ,block,huawei,1,False,349.52,largeobj,,
huawei-block-largeobj-c04-r2,4,86.6,40,117.1,,182.256,1048.576,40960.0,READ,block,huawei,2,False,349.76,largeobj,,
huawei-block-largeobj-c04-r3,4,89.3,40,117.1,,182.144,1048.576,40960.0,READ,block,huawei,3,False,349.91,largeobj,,
huawei-block-largeobj-c16-r1,16,87.4,40,118.0,,730.632,2097.152,40960.0,READ,block,huawei,1,False,347.12,largeobj,,
huawei-block-largeobj-c16-r2,16,85.8,40,117.4,,728.688,2097.152,40960.0,READ,block,huawei,2,False,348.97,largeobj,,
huawei-block-largeobj-c16-r3,16,86.4,40,117.0,,727.058,2097.152,40960.0,READ,block,huawei,3,False,350.19,largeobj,,
huawei-block-largeobj-c64-r1,64,91.1,40,117.1,,2731.05,9975.792,40960.0,READ,block,huawei,1,False,349.85,largeobj,,
huawei-block-largeobj-c64-r2,64,91.4,40,117.0,,2771.514,8388.608,40960.0,READ,block,huawei,2,False,350.15,largeobj,,
huawei-block-largeobj-c64-r3,64,92.4,40,117.8,,2799.958,8388.608,40960.0,READ,block,huawei,3,False,347.76,largeobj,,
huawei-file-balanced-c01-r1,1,3.0,1,32.3,,1.969,5.793,1024.0,WRITE,file,huawei,1,True,31.71,balanced,,
huawei-file-balanced-c01-r1,1,3.0,1,6.7,,0.408,1.448,1024.0,READ,file,huawei,1,True,152.84,balanced,5.793,31.71
huawei-file-balanced-c01-r2,1,3.0,1,31.1,,1.898,5.793,1024.0,WRITE,file,huawei,2,True,32.9,balanced,,
huawei-file-balanced-c01-r2,1,3.0,1,6.5,,0.399,1.218,1024.0,READ,file,huawei,2,True,156.34,balanced,5.793,32.9
huawei-file-balanced-c01-r3,1,3.6,1,29.7,,1.813,4.871,1024.0,WRITE,file,huawei,3,True,34.44,balanced,,
huawei-file-balanced-c01-r3,1,3.6,1,5.9,,0.358,1.218,1024.0,READ,file,huawei,3,True,173.85,balanced,4.871,34.44
huawei-file-balanced-c04-r1,4,6.5,20,268.1,,2.573,8.192,20480.0,WRITE,file,huawei,1,False,76.4,balanced,,
huawei-file-balanced-c04-r1,4,6.5,20,109.0,,1.328,3.444,20480.0,READ,file,huawei,1,False,187.93,balanced,8.192,76.4
huawei-file-balanced-c04-r2,4,6.3,20,284.7,,2.689,8.192,20480.0,WRITE,file,huawei,2,False,71.93,balanced,,
huawei-file-balanced-c04-r2,4,6.3,20,109.6,,1.329,3.444,20480.0,READ,file,huawei,2,False,186.78,balanced,8.192,71.93
huawei-file-balanced-c04-r3,4,6.2,20,307.0,,2.903,9.742,20480.0,WRITE,file,huawei,3,False,66.71,balanced,,
huawei-file-balanced-c04-r3,4,6.2,20,109.5,,1.328,4.096,20480.0,READ,file,huawei,3,False,187.06,balanced,9.742,66.71
huawei-file-balanced-c16-r1,16,9.3,20,122.6,,5.333,11.585,20480.0,WRITE,file,huawei,1,False,166.98,balanced,,
huawei-file-balanced-c16-r1,16,9.3,20,109.3,,5.018,8.192,20480.0,READ,file,huawei,1,False,187.31,balanced,11.585,166.98
huawei-file-balanced-c16-r2,16,9.2,20,122.1,,5.334,9.742,20480.0,WRITE,file,huawei,2,False,167.78,balanced,,
huawei-file-balanced-c16-r2,16,9.2,20,109.8,,5.035,8.192,20480.0,READ,file,huawei,2,False,186.44,balanced,9.742,167.78
huawei-file-balanced-c16-r3,16,9.0,20,123.2,,5.354,9.742,20480.0,WRITE,file,huawei,3,False,166.24,balanced,,
huawei-file-balanced-c16-r3,16,9.0,20,109.5,,5.132,8.192,20480.0,READ,file,huawei,3,False,187.06,balanced,9.742,166.24
huawei-file-balanced-c64-r1,64,9.9,20,111.8,,21.426,741.455,20480.0,WRITE,file,huawei,1,False,183.23,balanced,,
huawei-file-balanced-c64-r1,64,9.9,20,108.8,,20.504,881.744,20480.0,READ,file,huawei,1,False,188.17,balanced,741.455,183.23
huawei-file-balanced-c64-r2,64,9.5,20,111.7,,21.35,881.744,20480.0,WRITE,file,huawei,2,False,183.32,balanced,,
huawei-file-balanced-c64-r2,64,9.5,20,108.5,,20.443,881.744,20480.0,READ,file,huawei,2,False,188.79,balanced,881.744,183.32
huawei-file-balanced-c64-r3,64,10.3,20,111.9,,21.397,881.744,20480.0,WRITE,file,huawei,3,False,183.02,balanced,,
huawei-file-balanced-c64-r3,64,10.3,20,108.7,,20.431,881.744,20480.0,READ,file,huawei,3,False,188.43,balanced,881.744,183.02
huawei-file-largeobj-c01-r1,1,8.2,40,218.7,,85.416,741.455,40960.0,READ,file,huawei,1,False,187.31,largeobj,,
huawei-file-largeobj-c01-r2,1,8.0,40,219.1,,85.582,741.455,40960.0,READ,file,huawei,2,False,186.95,largeobj,,
huawei-file-largeobj-c01-r3,1,7.9,40,219.2,,85.636,741.455,40960.0,READ,file,huawei,3,False,186.83,largeobj,,
huawei-file-largeobj-c04-r1,4,7.4,40,219.3,,339.866,1048.576,40960.0,READ,file,huawei,1,False,186.81,largeobj,,
huawei-file-largeobj-c04-r2,4,7.9,40,219.7,,340.707,1048.576,40960.0,READ,file,huawei,2,False,186.41,largeobj,,
huawei-file-largeobj-c04-r3,4,7.7,40,219.4,,341.738,1048.576,40960.0,READ,file,huawei,3,False,186.7,largeobj,,
huawei-file-largeobj-c16-r1,16,7.2,40,219.9,,1360.979,2097.152,40960.0,READ,file,huawei,1,False,186.3,largeobj,,
huawei-file-largeobj-c16-r2,16,7.8,40,219.6,,1363.152,2097.152,40960.0,READ,file,huawei,2,False,186.48,largeobj,,
huawei-file-largeobj-c16-r3,16,7.7,40,219.9,,1364.452,2097.152,40960.0,READ,file,huawei,3,False,186.25,largeobj,,
huawei-file-largeobj-c64-r1,64,7.5,40,219.8,,5423.436,7053.95,40960.0,READ,file,huawei,1,False,186.34,largeobj,,
huawei-file-largeobj-c64-r2,64,7.6,40,219.9,,5420.208,7053.95,40960.0,READ,file,huawei,2,False,186.23,largeobj,,
huawei-file-largeobj-c64-r3,64,7.5,40,219.8,,5416.972,7053.95,40960.0,READ,file,huawei,3,False,186.35,largeobj,,
huawei-object-balanced-c01-r1,1,1.8,1.0,207.9,False,12.686,92.682,1024.0,WRITE,object,huawei,1,False,4.92,balanced,,
huawei-object-balanced-c01-r1,1,1.8,1.0,78.1,False,4.762,6.889,1024.0,READ,object,huawei,1,False,13.11,balanced,92.682,4.92
huawei-object-balanced-c01-r2,1,1.9,1.0,196.6,False,11.995,23.17,1024.0,WRITE,object,huawei,2,False,5.21,balanced,,
huawei-object-balanced-c01-r2,1,1.9,1.0,77.2,False,4.707,6.889,1024.0,READ,object,huawei,2,False,13.26,balanced,23.17,5.21
huawei-object-balanced-c01-r3,1,2.0,1.0,186.2,False,11.36,32.768,1024.0,WRITE,object,huawei,3,False,5.5,balanced,,
huawei-object-balanced-c01-r3,1,2.0,1.0,77.4,False,4.719,6.889,1024.0,READ,object,huawei,3,False,13.23,balanced,32.768,5.5
huawei-object-balanced-c04-r1,4,9.5,20.0,604.7,False,7.303,23.17,20480.0,WRITE,object,huawei,1,False,33.87,balanced,,
huawei-object-balanced-c04-r1,4,9.5,20.0,406.8,False,4.942,8.192,20480.0,READ,object,huawei,1,False,50.34,balanced,23.17,33.87
huawei-object-balanced-c04-r2,4,9.8,20.0,587.5,False,7.138,23.17,20480.0,WRITE,object,huawei,2,False,34.86,balanced,,
huawei-object-balanced-c04-r2,4,9.8,20.0,384.4,False,4.656,6.889,20480.0,READ,object,huawei,2,False,53.28,balanced,23.17,34.86
huawei-object-balanced-c04-r3,4,9.4,20.0,608.9,False,7.251,23.17,20480.0,WRITE,object,huawei,3,False,33.63,balanced,,
huawei-object-balanced-c04-r3,4,9.4,20.0,402.6,False,4.885,8.192,20480.0,READ,object,huawei,3,False,50.88,balanced,23.17,33.63
huawei-object-balanced-c16-r1,16,28.9,20.0,225.0,False,10.29,32.768,20480.0,WRITE,object,huawei,1,False,91.02,balanced,,
huawei-object-balanced-c16-r1,16,28.9,20.0,98.1,False,4.665,6.889,20480.0,READ,object,huawei,1,False,208.7,balanced,32.768,91.02
huawei-object-balanced-c16-r2,16,28.4,20.0,231.2,False,10.311,27.554,20480.0,WRITE,object,huawei,2,False,88.57,balanced,,
huawei-object-balanced-c16-r2,16,28.4,20.0,102.6,False,4.874,8.192,20480.0,READ,object,huawei,2,False,199.57,balanced,27.554,88.57
huawei-object-balanced-c16-r3,16,29.0,20.0,225.9,False,10.498,27.554,20480.0,WRITE,object,huawei,3,False,90.68,balanced,,
huawei-object-balanced-c16-r3,16,29.0,20.0,101.4,False,4.797,8.192,20480.0,READ,object,huawei,3,False,201.91,balanced,27.554,90.68
huawei-object-balanced-c64-r1,64,60.9,20.0,108.9,False,18.963,46.341,20480.0,WRITE,object,huawei,1,False,188.11,balanced,,
huawei-object-balanced-c64-r1,64,60.9,20.0,46.8,False,8.819,16.384,20480.0,READ,object,huawei,1,False,437.5,balanced,46.341,188.11
huawei-object-balanced-c64-r2,64,60.2,20.0,108.5,False,19.068,46.341,20480.0,WRITE,object,huawei,2,False,188.79,balanced,,
huawei-object-balanced-c64-r2,64,60.2,20.0,45.6,False,8.638,16.384,20480.0,READ,object,huawei,2,False,449.29,balanced,46.341,188.79
huawei-object-balanced-c64-r3,64,60.4,20.0,107.6,False,19.096,38.968,20480.0,WRITE,object,huawei,3,False,190.4,balanced,,
huawei-object-balanced-c64-r3,64,60.4,20.0,46.1,False,8.634,16.384,20480.0,READ,object,huawei,3,False,443.84,balanced,38.968,190.4
huawei-object-largeobj-c01-r1,1,9.3,40.0,196.4,False,76.704,155.872,40960.0,READ,object,huawei,1,False,208.58,largeobj,,
huawei-object-largeobj-c01-r2,1,10.8,40.0,176.0,False,68.738,131.072,40960.0,READ,object,huawei,2,False,232.75,largeobj,,
huawei-object-largeobj-c01-r3,1,12.8,40.0,153.0,False,59.776,131.072,40960.0,READ,object,huawei,3,False,267.64,largeobj,,
huawei-object-largeobj-c04-r1,4,49.5,40.0,43.7,False,65.68,311.744,40960.0,READ,object,huawei,1,False,938.18,largeobj,,
huawei-object-largeobj-c04-r2,4,50.4,40.0,43.4,False,65.937,311.744,40960.0,READ,object,huawei,2,False,942.8,largeobj,,
huawei-object-largeobj-c04-r3,4,50.7,40.0,44.1,False,66.062,311.744,40960.0,READ,object,huawei,3,False,929.64,largeobj,,
huawei-object-largeobj-c16-r1,16,74.0,40.0,43.4,False,247.498,1763.488,40960.0,READ,object,huawei,1,False,943.69,largeobj,,
huawei-object-largeobj-c16-r2,16,60.9,40.0,44.5,False,219.255,1246.974,40960.0,READ,object,huawei,2,False,920.35,largeobj,,
huawei-object-largeobj-c16-r3,16,60.6,40.0,43.3,False,228.276,1246.974,40960.0,READ,object,huawei,3,False,946.79,largeobj,,
huawei-object-largeobj-c64-r1,64,76.4,40.0,44.6,False,915.654,4194.304,40960.0,READ,object,huawei,1,False,918.57,largeobj,,
huawei-object-largeobj-c64-r2,64,78.1,40.0,44.6,False,998.844,3526.975,40960.0,READ,object,huawei,2,False,919.25,largeobj,,
huawei-object-largeobj-c64-r3,64,78.6,40.0,43.9,False,1020.104,2965.821,40960.0,READ,object,huawei,3,False,933.56,largeobj,,
alibaba-block-balanced-c01-r1,1,24.2,20,120.5,,0.366,2.896,20480.0,WRITE,block,alibaba,1,False,170.01,balanced,,
alibaba-block-balanced-c01-r1,1,24.2,20,134.6,,0.41,0.724,20480.0,READ,block,alibaba,1,False,152.17,balanced,2.896,170.01
alibaba-block-balanced-c01-r2,1,24.3,20,120.5,,0.366,2.435,20480.0,WRITE,block,alibaba,2,False,170.01,balanced,,
alibaba-block-balanced-c01-r2,1,24.3,20,146.0,,0.444,0.861,20480.0,READ,block,alibaba,2,False,140.28,balanced,2.435,170.01
alibaba-block-balanced-c01-r3,1,14.2,1,5.9,,0.36,4.871,1024.0,WRITE,block,alibaba,3,True,173.06,balanced,,
alibaba-block-balanced-c01-r3,1,14.2,1,6.5,,0.398,0.861,1024.0,READ,block,alibaba,3,True,156.43,balanced,4.871,173.06
alibaba-block-balanced-c04-r1,4,70.7,5,30.0,,1.464,9.742,5120.0,WRITE,block,alibaba,1,True,170.55,balanced,,
alibaba-block-balanced-c04-r1,4,70.7,5,30.1,,1.468,8.192,5120.0,READ,block,alibaba,1,True,170.0,balanced,9.742,170.55
alibaba-block-balanced-c04-r2,4,74.5,5,30.1,,1.467,9.742,5120.0,WRITE,block,alibaba,2,True,170.2,balanced,,
alibaba-block-balanced-c04-r2,4,74.5,5,30.1,,1.469,8.192,5120.0,READ,block,alibaba,2,True,170.01,balanced,9.742,170.2
alibaba-block-balanced-c04-r3,4,67.7,20,120.5,,1.458,9.742,20480.0,WRITE,block,alibaba,3,False,170.01,balanced,,
alibaba-block-balanced-c04-r3,4,67.7,20,120.5,,1.467,8.192,20480.0,READ,block,alibaba,3,False,169.95,balanced,9.742,170.01
alibaba-block-balanced-c16-r1,16,83.7,20,120.5,,5.865,11.585,20480.0,WRITE,block,alibaba,1,True,170.02,balanced,,
alibaba-block-balanced-c16-r1,16,83.7,20,120.5,,5.865,9.742,20480.0,READ,block,alibaba,1,True,169.98,balanced,11.585,170.02
alibaba-block-balanced-c16-r2,16,83.3,20,120.5,,5.866,11.585,20480.0,WRITE,block,alibaba,2,True,170.01,balanced,,
alibaba-block-balanced-c16-r2,16,83.3,20,120.5,,5.867,11.585,20480.0,READ,block,alibaba,2,True,169.98,balanced,11.585,170.01
alibaba-block-balanced-c16-r3,16,83.6,20,120.5,,5.866,11.585,20480.0,WRITE,block,alibaba,3,False,170.02,balanced,,
alibaba-block-balanced-c16-r3,16,83.6,20,120.5,,5.872,9.742,20480.0,READ,block,alibaba,3,False,170.0,balanced,11.585,170.02
alibaba-block-balanced-c64-r1,64,69.0,80,482.0,,23.435,38.968,81920.0,WRITE,block,alibaba,1,True,169.97,balanced,,
alibaba-block-balanced-c64-r1,64,69.0,80,481.9,,23.523,32.768,81920.0,READ,block,alibaba,1,True,170.0,balanced,38.968,169.97
alibaba-block-balanced-c64-r2,64,69.0,80,482.0,,23.435,38.968,81920.0,WRITE,block,alibaba,2,True,169.97,balanced,,
alibaba-block-balanced-c64-r2,64,69.0,80,481.9,,23.522,32.768,81920.0,READ,block,alibaba,2,True,170.0,balanced,38.968,169.97
alibaba-block-balanced-c64-r3,64,69.0,80,482.0,,23.441,38.968,81920.0,WRITE,block,alibaba,3,True,169.97,balanced,,
alibaba-block-balanced-c64-r3,64,69.0,80,481.9,,23.522,32.768,81920.0,READ,block,alibaba,3,True,170.0,balanced,38.968,169.97
alibaba-block-largeobj-c01-r1,1,15.0,2,12.1,,94.444,110.218,2048.0,READ,block,alibaba,1,True,169.41,largeobj,,
alibaba-block-largeobj-c01-r2,1,25.2,40,242.8,,94.83,110.218,40960.0,READ,block,alibaba,2,False,168.72,largeobj,,
alibaba-block-largeobj-c01-r3,1,25.8,40,242.9,,94.896,110.218,40960.0,READ,block,alibaba,3,False,168.6,largeobj,,
alibaba-block-largeobj-c04-r1,4,76.6,40,241.3,,376.86,440.872,40960.0,READ,block,alibaba,1,False,169.72,largeobj,,
alibaba-block-largeobj-c04-r2,4,59.6,40,241.3,,376.788,440.872,40960.0,READ,block,alibaba,2,False,169.76,largeobj,,
alibaba-block-largeobj-c04-r3,4,73.7,40,240.9,,376.201,440.872,40960.0,READ,block,alibaba,3,False,170.02,largeobj,,
alibaba-block-largeobj-c16-r1,16,95.9,40,241.0,,1501.47,1763.488,40960.0,READ,block,alibaba,1,True,169.97,largeobj,,
alibaba-block-largeobj-c16-r2,16,95.9,40,241.0,,1501.77,1763.488,40960.0,READ,block,alibaba,2,False,169.96,largeobj,,
alibaba-block-largeobj-c16-r3,16,95.9,40,241.0,,1501.78,1763.488,40960.0,READ,block,alibaba,3,False,169.96,largeobj,,
alibaba-block-largeobj-c64-r1,64,95.8,40,240.8,,5754.866,11863.283,40960.0,READ,block,alibaba,1,False,170.07,largeobj,,
alibaba-block-largeobj-c64-r2,64,95.9,40,240.8,,5768.678,14107.901,40960.0,READ,block,alibaba,2,False,170.08,largeobj,,
alibaba-block-largeobj-c64-r3,64,98.0,80,481.7,,5868.09,11863.283,81920.0,READ,block,alibaba,3,True,170.08,largeobj,,
alibaba-file-balanced-c01-r1,1,1.0,1,49.3,,3.005,4.096,1024.0,WRITE,file,alibaba,1,True,20.79,balanced,,
alibaba-file-balanced-c01-r1,1,1.0,1,33.0,,2.013,2.435,1024.0,READ,file,alibaba,1,True,31.04,balanced,4.096,20.79
alibaba-file-balanced-c01-r2,1,1.2,1,45.9,,2.802,4.096,1024.0,WRITE,file,alibaba,2,True,22.3,balanced,,
alibaba-file-balanced-c01-r2,1,1.2,1,29.3,,1.787,2.048,1024.0,READ,file,alibaba,2,True,34.96,balanced,4.096,22.3
alibaba-file-balanced-c01-r3,1,1.2,1,50.7,,3.094,5.793,1024.0,WRITE,file,alibaba,3,True,20.19,balanced,,
alibaba-file-balanced-c01-r3,1,1.2,1,33.2,,2.024,2.435,1024.0,READ,file,alibaba,3,True,30.86,balanced,5.793,20.19
alibaba-file-balanced-c04-r1,4,4.1,5,57.3,,2.792,4.871,5120.0,WRITE,file,alibaba,1,True,89.42,balanced,,
alibaba-file-balanced-c04-r1,4,4.1,5,40.5,,1.968,2.896,5120.0,READ,file,alibaba,1,True,126.3,balanced,4.871,89.42
alibaba-file-balanced-c04-r2,4,3.8,20,262.6,,3.2,4.871,20480.0,WRITE,file,alibaba,2,False,78.0,balanced,,
alibaba-file-balanced-c04-r2,4,3.8,20,195.2,,2.377,3.444,20480.0,READ,file,alibaba,2,False,104.94,balanced,4.871,78.0
alibaba-file-balanced-c04-r3,4,3.7,20,258.2,,3.147,4.871,20480.0,WRITE,file,alibaba,3,False,79.32,balanced,,
alibaba-file-balanced-c04-r3,4,3.7,20,193.6,,2.359,3.444,20480.0,READ,file,alibaba,3,False,105.78,balanced,4.871,79.32
alibaba-file-balanced-c16-r1,16,6.4,20,134.0,,6.537,16.384,20480.0,WRITE,file,alibaba,1,False,152.82,balanced,,
alibaba-file-balanced-c16-r1,16,6.4,20,134.7,,6.482,32.768,20480.0,READ,file,alibaba,1,False,152.04,balanced,16.384,152.82
alibaba-file-balanced-c16-r2,16,6.5,20,134.0,,6.536,16.384,20480.0,WRITE,file,alibaba,2,False,152.8,balanced,,
alibaba-file-balanced-c16-r2,16,6.5,20,134.3,,6.502,32.768,20480.0,READ,file,alibaba,2,False,152.54,balanced,16.384,152.8
alibaba-file-balanced-c16-r3,16,6.6,20,134.1,,6.537,16.384,20480.0,WRITE,file,alibaba,3,True,152.76,balanced,,
alibaba-file-balanced-c16-r3,16,6.6,20,134.0,,6.495,32.768,20480.0,READ,file,alibaba,3,True,152.79,balanced,16.384,152.76
alibaba-file-balanced-c64-r1,64,6.3,20,134.0,,26.13,38.968,20480.0,WRITE,file,alibaba,1,False,152.86,balanced,,
alibaba-file-balanced-c64-r1,64,6.3,20,135.0,,24.985,262.144,20480.0,READ,file,alibaba,1,False,151.73,balanced,38.968,152.86
alibaba-file-balanced-c64-r2,64,6.5,20,134.0,,26.132,38.968,20480.0,WRITE,file,alibaba,2,False,152.86,balanced,,
alibaba-file-balanced-c64-r2,64,6.5,20,134.1,,25.179,262.144,20480.0,READ,file,alibaba,2,False,152.75,balanced,38.968,152.86
alibaba-file-balanced-c64-r3,64,7.0,80,506.3,,24.699,38.968,81920.0,WRITE,file,alibaba,3,True,161.81,balanced,,
alibaba-file-balanced-c64-r3,64,7.0,80,507.0,,24.225,262.144,81920.0,READ,file,alibaba,3,True,161.58,balanced,38.968,161.81
alibaba-file-largeobj-c01-r1,1,3.2,2,13.6,,106.297,155.872,2048.0,READ,file,alibaba,1,True,150.52,largeobj,,
alibaba-file-largeobj-c01-r2,1,5.2,40,266.1,,103.959,311.744,40960.0,READ,file,alibaba,2,False,153.9,largeobj,,
alibaba-file-largeobj-c01-r3,1,5.3,40,269.3,,105.201,262.144,40960.0,READ,file,alibaba,3,False,152.09,largeobj,,
alibaba-file-largeobj-c04-r1,4,4.9,10,67.5,,387.018,4194.304,10240.0,READ,file,alibaba,1,True,151.66,largeobj,,
alibaba-file-largeobj-c04-r2,4,5.2,40,264.1,,394.387,4194.304,40960.0,READ,file,alibaba,2,False,155.08,largeobj,,
alibaba-file-largeobj-c04-r3,4,5.3,40,262.8,,374.705,4194.304,40960.0,READ,file,alibaba,3,False,155.87,largeobj,,
alibaba-file-largeobj-c16-r1,16,5.3,40,263.1,,1507.777,14107.901,40960.0,READ,file,alibaba,1,False,155.68,largeobj,,
alibaba-file-largeobj-c16-r2,16,5.3,40,264.0,,1510.936,14107.901,40960.0,READ,file,alibaba,2,False,155.14,largeobj,,
alibaba-file-largeobj-c16-r3,16,5.3,40,263.1,,1563.764,14107.901,40960.0,READ,file,alibaba,3,False,155.69,largeobj,,
alibaba-file-largeobj-c64-r1,64,5.4,40,266.7,,6071.958,33554.432,40960.0,READ,file,alibaba,1,False,153.58,largeobj,,
alibaba-file-largeobj-c64-r2,64,5.4,40,264.9,,6100.276,33554.432,40960.0,READ,file,alibaba,2,False,154.6,largeobj,,
alibaba-file-largeobj-c64-r3,64,5.7,80,507.8,,5900.014,28215.802,81920.0,READ,file,alibaba,3,True,161.32,largeobj,,
alibaba-object-balanced-c01-r1,1,1.2,1.0,205.1,True,12.516,27.554,1024.0,WRITE,object,alibaba,1,False,4.99,balanced,,
alibaba-object-balanced-c01-r1,1,1.2,1.0,197.9,True,12.072,38.968,1024.0,READ,object,alibaba,1,False,5.18,balanced,27.554,4.99
alibaba-object-balanced-c01-r2,1,1.3,1.0,218.0,True,13.302,27.554,1024.0,WRITE,object,alibaba,2,False,4.7,balanced,,
alibaba-object-balanced-c01-r2,1,1.3,1.0,132.6,True,8.086,19.484,1024.0,READ,object,alibaba,2,False,7.72,balanced,27.554,4.7
alibaba-object-balanced-c01-r3,1,1.2,1.0,223.6,True,13.645,27.554,1024.0,WRITE,object,alibaba,3,False,4.58,balanced,,
alibaba-object-balanced-c01-r3,1,1.2,1.0,139.2,True,8.491,23.17,1024.0,READ,object,alibaba,3,False,7.36,balanced,27.554,4.58
alibaba-object-balanced-c04-r1,4,4.9,5.0,273.7,True,12.826,23.17,5120.0,WRITE,object,alibaba,1,False,18.7,balanced,,
alibaba-object-balanced-c04-r1,4,4.9,5.0,166.5,True,8.061,23.17,5120.0,READ,object,alibaba,1,False,30.75,balanced,23.17,18.7
alibaba-object-balanced-c04-r2,4,4.7,5.0,294.8,True,13.778,27.554,5120.0,WRITE,object,alibaba,2,False,17.37,balanced,,
alibaba-object-balanced-c04-r2,4,4.7,5.0,168.9,True,8.11,23.17,5120.0,READ,object,alibaba,2,False,30.32,balanced,27.554,17.37
alibaba-object-balanced-c04-r3,4,5.0,5.0,277.5,True,13.378,23.17,5120.0,WRITE,object,alibaba,3,False,18.45,balanced,,
alibaba-object-balanced-c04-r3,4,5.0,5.0,159.3,True,7.687,19.484,5120.0,READ,object,alibaba,3,False,32.13,balanced,23.17,18.45
alibaba-object-balanced-c16-r1,16,20.1,20.0,287.1,True,13.576,27.554,20480.0,WRITE,object,alibaba,1,False,71.33,balanced,,
alibaba-object-balanced-c16-r1,16,20.1,20.0,171.0,True,8.145,27.554,20480.0,READ,object,alibaba,1,False,119.76,balanced,27.554,71.33
alibaba-object-balanced-c16-r2,16,20.4,20.0,287.9,True,13.811,27.554,20480.0,WRITE,object,alibaba,2,False,71.15,balanced,,
alibaba-object-balanced-c16-r2,16,20.4,20.0,164.8,True,7.913,23.17,20480.0,READ,object,alibaba,2,False,124.24,balanced,27.554,71.15
alibaba-object-balanced-c16-r3,16,20.6,20.0,285.1,True,13.559,27.554,20480.0,WRITE,object,alibaba,3,False,71.83,balanced,,
alibaba-object-balanced-c16-r3,16,20.6,20.0,162.7,True,7.811,23.17,20480.0,READ,object,alibaba,3,False,125.84,balanced,27.554,71.83
alibaba-object-balanced-c64-r1,64,92.0,80.0,281.2,True,13.495,27.554,81920.0,WRITE,object,alibaba,1,False,291.31,balanced,,
alibaba-object-balanced-c64-r1,64,92.0,80.0,223.0,True,10.783,32.768,81920.0,READ,object,alibaba,1,False,367.43,balanced,27.554,291.31
alibaba-object-balanced-c64-r2,64,85.9,80.0,308.6,True,14.641,27.554,81920.0,WRITE,object,alibaba,2,False,265.49,balanced,,
alibaba-object-balanced-c64-r2,64,85.9,80.0,224.9,True,10.832,32.768,81920.0,READ,object,alibaba,2,False,364.19,balanced,27.554,265.49
alibaba-object-balanced-c64-r3,64,87.1,80.0,303.6,True,14.372,27.554,81920.0,WRITE,object,alibaba,3,False,269.8,balanced,,
alibaba-object-balanced-c64-r3,64,87.1,80.0,224.5,True,10.821,32.768,81920.0,READ,object,alibaba,3,False,364.88,balanced,27.554,269.8
alibaba-object-largeobj-c01-r1,1,5.2,2.0,15.7,True,122.48,185.364,2048.0,READ,object,alibaba,1,False,130.63,largeobj,,
alibaba-object-largeobj-c01-r2,1,6.3,2.0,9.0,True,70.668,92.682,2048.0,READ,object,alibaba,2,False,226.4,largeobj,,
alibaba-object-largeobj-c01-r3,1,4.5,2.0,18.9,True,148.013,220.436,2048.0,READ,object,alibaba,3,False,108.1,largeobj,,
alibaba-object-largeobj-c04-r1,4,23.6,10.0,22.4,True,125.144,440.872,10240.0,READ,object,alibaba,1,False,456.71,largeobj,,
alibaba-object-largeobj-c04-r2,4,22.8,10.0,21.9,True,122.096,220.436,10240.0,READ,object,alibaba,2,False,468.63,largeobj,,
alibaba-object-largeobj-c04-r3,4,21.4,10.0,24.8,True,138.468,262.144,10240.0,READ,object,alibaba,3,False,413.39,largeobj,,
alibaba-object-largeobj-c16-r1,16,44.3,40.0,69.6,True,384.015,881.744,40960.0,READ,object,alibaba,1,False,588.67,largeobj,,
alibaba-object-largeobj-c16-r2,16,42.9,40.0,67.7,True,390.349,1048.576,40960.0,READ,object,alibaba,2,False,604.84,largeobj,,
alibaba-object-largeobj-c16-r3,16,41.6,40.0,70.3,True,399.54,1048.576,40960.0,READ,object,alibaba,3,False,582.64,largeobj,,
alibaba-object-largeobj-c64-r1,64,54.7,80.0,131.6,True,1573.518,2493.948,81920.0,READ,object,alibaba,1,False,622.46,largeobj,,
alibaba-object-largeobj-c64-r2,64,55.8,80.0,133.2,True,1576.753,2965.821,81920.0,READ,object,alibaba,2,False,615.02,largeobj,,
alibaba-object-largeobj-c64-r3,64,57.4,80.0,133.9,True,1575.439,2965.821,81920.0,READ,object,alibaba,3,False,612.01,largeobj,,
